{
  "Disabled": false,
  "Testing": false,
  "ScheduledForDeletion": false,
  "InstalledFromUrl": null,
  "WorkingPluginId": "72b36f3a-cbda-4ed0-80ba-f8586da53625",
  "IsThirdParty": false,
  "EffectiveVersion": "1.0.0.17",
  "Author": "John Smith",
  "Name": "InsertNameHere3",
  "Punchline": "John Smith's good stuff",
  "Description": "Helps you kill",
  "Changelog": "",
  "Tags": [
    "good"
  ],
  "CategoryTags": null,
  "IsHide": false,
  "InternalName": "InsertNameHere3",
  "AssemblyVersion": "1.0.0.17",
  "TestingAssemblyVersion": null,
  "IsTestingExclusive": false,
  "RepoUrl": "",
  "ApplicableVersion": "any",
  "DalamudApiLevel": 12,
  "DownloadCount": 1,
  "LastUpdate": 1710602701,
  "DownloadLinkInstall": null,
  "DownloadLinkUpdate": null,
  "DownloadLinkTesting": null,
  "LoadRequiredState": 0,
  "LoadSync": false,
  "LoadPriority": 0,
  "CanUnloadAsync": false,
  "SupportsProfiles": true,
  "ImageUrls": null,
  "IconUrl": null,
  "AcceptsFeedback": true,
  "FeedbackMessage": null,
  "_Dip17Channel": null
}